INSERT INTO product_schema.category(category_id, name) VALUES
    ('6ed8cb0e-7240-11ee-b962-0242ac120002', 'Laptop'),
    ('faf20f40-7242-11ee-b962-0242ac120002', 'Smart phone'),
    ('02ba0944-7243-11ee-b962-0242ac120002', 'Cooking device'),
    ('08562950-7243-11ee-b962-0242ac120002', 'Washing device'),
    ('0d74002e-7243-11ee-b962-0242ac120002', 'Air conditioner'),
    ('12470d26-7243-11ee-b962-0242ac120002', 'Tivi'),
    ('178c6240-7243-11ee-b962-0242ac120002', 'Family device'),
    ('1baa4a9a-7243-11ee-b962-0242ac120002', 'Water heater');

INSERT INTO product_schema.card(card_id, category_id, name, description) VALUES
    ('65275a20-724b-11ee-b962-0242ac120002', '6ed8cb0e-7240-11ee-b962-0242ac120002', 'Laptop ACER Nitro 16 Phoenix AN16-41-R5M4', 'test'),
    ('8e787170-724b-11ee-b962-0242ac120002', '6ed8cb0e-7240-11ee-b962-0242ac120002', 'Laptop ASUS Vivobook Go 15 E1504FA-NJ454W', 'test'),
    ('a6618d08-724b-11ee-b962-0242ac120002', '6ed8cb0e-7240-11ee-b962-0242ac120002', 'Laptop ASUS ROG Strix G G513RC-HN038W', 'test'),
    ('ab1b28f4-724b-11ee-b962-0242ac120002', '6ed8cb0e-7240-11ee-b962-0242ac120002', 'Laptop ASUS TUF Gaming F15 FX507ZU4-LP054W', 'test'),
    ('b3bc015e-724b-11ee-b962-0242ac120002', '6ed8cb0e-7240-11ee-b962-0242ac120002', 'Laptop Dell Vostro 3530 - V5I5267W1', 'test'),
    ('b8921c9a-724b-11ee-b962-0242ac120002', '6ed8cb0e-7240-11ee-b962-0242ac120002', 'Laptop HP Pavilion 15-eg3091TU - 8C5L2PA', 'test'),
    ('bcdd360e-724b-11ee-b962-0242ac120002', '6ed8cb0e-7240-11ee-b962-0242ac120002', 'Laptop HP ProBook 450 G10 - 873J7PA', 'test'),
    ('c14bf90a-724b-11ee-b962-0242ac120002', '6ed8cb0e-7240-11ee-b962-0242ac120002', 'Laptop ACER Predator Helios Neo PHN16-71-53M7  (NH.QLUSV.005)', 'test'),
    ('c67753b6-724b-11ee-b962-0242ac120002', '6ed8cb0e-7240-11ee-b962-0242ac120002', 'Laptop ACER Nitro 5 AN515-58-5193 (NH.QLZSV.004)', 'test'),
    ('cac37396-724b-11ee-b962-0242ac120002', '6ed8cb0e-7240-11ee-b962-0242ac120002', 'Laptop ACER Aspire 5 A515-58P-774R (NX.KHJSV.005)', 'test'),
    ('cf20e572-724b-11ee-b962-0242ac120002', '6ed8cb0e-7240-11ee-b962-0242ac120002', 'Laptop ACER Aspire 5 A514-56P-742F (NX.KHRSV.005)', 'test'),
    ('d2fa29d8-724b-11ee-b962-0242ac120002', '6ed8cb0e-7240-11ee-b962-0242ac120002', 'Laptop Lenovo IdeaPad Slim 3 14IAH8 - 83EQ0005VN', 'test'),
    ('d91c1b50-724b-11ee-b962-0242ac120002', '6ed8cb0e-7240-11ee-b962-0242ac120002', 'Laptop Dell Inspiron 14 5430', 'test');
--     ('dcd96982-724b-11ee-b962-0242ac120002', '6ed8cb0e-7240-11ee-b962-0242ac120002', 'Laptop ACER Nitro 16 Phoenix AN16-41-R5M4', 'test'),
--     ('e3e2ecb2-724b-11ee-b962-0242ac120002', '6ed8cb0e-7240-11ee-b962-0242ac120002', 'Laptop ACER Nitro 16 Phoenix AN16-41-R5M4', 'test'),
--     ('e79a9454-724b-11ee-b962-0242ac120002', '6ed8cb0e-7240-11ee-b962-0242ac120002', 'Laptop ACER Nitro 16 Phoenix AN16-41-R5M4', 'test'),
--     ('ed8b11ea-724b-11ee-b962-0242ac120002', '6ed8cb0e-7240-11ee-b962-0242ac120002', 'Laptop ACER Nitro 16 Phoenix AN16-41-R5M4', 'test'),
--     ('f128810c-724b-11ee-b962-0242ac120002', '6ed8cb0e-7240-11ee-b962-0242ac120002', 'Laptop ACER Nitro 16 Phoenix AN16-41-R5M4', 'test'),
--     ('f61eb424-724b-11ee-b962-0242ac120002', '6ed8cb0e-7240-11ee-b962-0242ac120002', 'Laptop ACER Nitro 16 Phoenix AN16-41-R5M4', 'test');

INSERT INTO product_schema.product(product_id, card_id, price, quantity) VALUES
    ('93949f4e-7264-11ee-b962-0242ac120002', '65275a20-724b-11ee-b962-0242ac120002', 26990000, 4),
    ('b57d7978-7264-11ee-b962-0242ac120002', '8e787170-724b-11ee-b962-0242ac120002', 13490000, 40),
    ('bc6d2d5a-7264-11ee-b962-0242ac120002', 'a6618d08-724b-11ee-b962-0242ac120002', 22990000, 35),
    ('c1273796-7264-11ee-b962-0242ac120002', 'ab1b28f4-724b-11ee-b962-0242ac120002', 28690000, 23),
    ('c8d53e66-7264-11ee-b962-0242ac120002', 'b3bc015e-724b-11ee-b962-0242ac120002', 16890000, 1),
    ('cd38f1a0-7264-11ee-b962-0242ac120002', 'b8921c9a-724b-11ee-b962-0242ac120002', 24690000, 54),
    ('d1c4a9f8-7264-11ee-b962-0242ac120002', 'bcdd360e-724b-11ee-b962-0242ac120002', 23090000, 12),
    ('d603596a-7264-11ee-b962-0242ac120002', 'c14bf90a-724b-11ee-b962-0242ac120002', 35990000, 43),
    ('da735612-7264-11ee-b962-0242ac120002', 'c67753b6-724b-11ee-b962-0242ac120002', 26990000, 65),
    ('de6ad7cc-7264-11ee-b962-0242ac120002', 'cac37396-724b-11ee-b962-0242ac120002', 18990000, 23),
    ('e391c738-7264-11ee-b962-0242ac120002', 'cf20e572-724b-11ee-b962-0242ac120002', 18990000, 23),
    ('e83c4948-7264-11ee-b962-0242ac120002', 'd2fa29d8-724b-11ee-b962-0242ac120002', 14490000, 12),
    ('ece037c0-7264-11ee-b962-0242ac120002', 'd91c1b50-724b-11ee-b962-0242ac120002', 31490000, 90);

INSERT INTO product_schema.general_attribute(general_attribute_id, name, is_filter) VALUES
    (1, 'Brand', true),
    (2, 'Series laptop', true),
    (3, 'Color', true),
    (4, 'Demand', true),
    (5, 'Series CPU', true),
    (6, 'CPU brand', true),
    (7, 'VGA', true),
    (8, 'RAM capacity', true),
    (9, 'Sreen size', true),
    (10, 'Resolution standard', true),
    (11, 'Touch screen', true);

INSERT INTO product_schema.general_attribute_value(general_attribute_id, general_attribute_value_id, value) VALUES
    (1, 1, 'ACER'),
    (1, 2, 'APPLE'),
    (1, 3, 'ASUS'),
    (1, 4, 'Avita'),
    (1, 5, 'Dell'),
    (1, 6, 'Gigabyte'),
    (1, 7, 'HP'),
    (1, 8, 'Huawei'),
    (1, 9, 'LG'),
    (1, 10, 'Lenovo'),
    (1, 11, 'MICROSOFT'),
    (1, 12, 'MSI'),
    (2, 13, '14/15 Series'),
    (2, 14, 'Aero'),
    (2, 15, 'Alienware'),
    (2, 16, 'Aorus'),
    (2, 17, 'Aspire'),
    (2, 18, 'Aspire 1'),
    (2, 19, 'Aspire 3'),
    (2, 20, 'Aspire 5'),
    (2, 21, 'Aspire 7'),
    (2, 22, 'Asus Laptop'),
    (2, 23, 'Bravo'),
    (2, 24, 'Creator'),
    (2, 25, 'Cyborg'),
    (2, 26, 'Delta'),
    (2, 27, 'Elite'),
    (2, 28, 'EliteBook X360'),
    (2, 29, 'EliteBook x361'),
    (2, 30, 'Elitebook'),
    (2, 31, 'Envy'),
    (2, 32, 'Envy X360'),
    (2, 33, 'ExpertBook'),
    (2, 34, 'G Series'),
    (2, 35, 'G Series Gaming'),
    (2, 36, 'G5 Series'),
    (2, 37, 'G7 Series'),
    (2, 38, 'GF Series'),
    (2, 39, 'Gaming Alpha'),
    (2, 40, 'Gaming G15'),
    (2, 41, 'Gigabyte Laptop'),
    (2, 42, 'Gram'),
    (2, 43, 'HP 14s'),
    (2, 44, 'HP 15s'),
    (2, 45, 'HP 240'),
    (2, 46, 'HP 245'),
    (2, 47, 'IdeaPad 5'),
    (2, 48, 'Ideapad'),
    (2, 49, 'Inspiron'),
    (2, 50, 'Katana'),
    (2, 51, 'Katana GF series'),
    (2, 52, 'LIBER'),
    (2, 53, 'LOQ'),
    (2, 54, 'Latitude'),
    (2, 55, 'Legion'),
    (2, 56, 'Lenovo S14'),
    (2, 57, 'Lenovo V Series'),
    (2, 58, 'Lenovo V15'),
    (2, 59, 'Leopard'),
    (2, 60, 'MSI Gaming'),
    (2, 61, 'MacBook Pro'),
    (2, 62, 'Macbook Air'),
    (2, 63, 'Matebook'),
    (2, 64, 'Modern'),
    (2, 65, 'Modern Series'),
    (2, 66, 'Nitro 16'),
    (2, 67, 'Nitro 17'),
    (2, 68, 'Nitro 5'),
    (2, 69, 'Notebook'),
    (2, 70, 'OMEN'),
    (2, 71, 'Pavilion'),
    (2, 72, 'Pavilion X360'),
    (2, 73, 'Predator'),
    (2, 74, 'Prestige'),
    (2, 75, 'Prestige Series'),
    (2, 76, 'ProArt'),
    (2, 77, 'ProBook'),
    (2, 78, 'ROG'),
    (2, 79, 'Raider'),
    (2, 80, 'Spectre'),
    (2, 81, 'Stealth'),
    (2, 82, 'Summit'),
    (2, 83, 'Surface Pro'),
    (2, 84, 'Swift 14'),
    (2, 85, 'Swift 3'),
    (2, 86, 'Swift 5'),
    (2, 87, 'Swift Edge'),
    (2, 88, 'Swift Go'),
    (2, 89, 'Swift X'),
    (2, 90, 'TUF'),
    (2, 91, 'TUF Gaming'),
    (2, 92, 'ThinkPad'),
    (2, 93, 'Thinkbook'),
    (2, 94, 'TravelMate - B3 Series'),
    (2, 95, 'TravelMate - P2 Series'),
    (2, 96, 'U4 Series'),
    (2, 97, 'V Series'),
    (2, 98, 'VICTUS'),
    (2, 99, 'Vector'),
    (2, 100, 'VivoBook'),
    (2, 101, 'Vivobook Pro'),
    (2, 102, 'Vostro'),
    (2, 103, 'XPS'),
    (2, 104, 'Yoga'),
    (2, 105, 'ZBOOK'),
    (2, 106, 'ZenBook'),
    (3, 107, 'Silver'),
    (3, 108, 'Gold'),
    (3, 109, 'Pink'),
    (3, 110, 'Midnight'),
    (3, 111, 'Starlight'),
    (3, 112, 'White'),
    (3, 113, 'Yellow'),
    (3, 114, 'Sand gold'),
    (3, 115, 'Yellow copper'),
    (3, 116, 'Blue'),
    (3, 117, 'Moss green'),
    (3, 118, 'Grey'),
    (3, 119, 'Silver gray'),
    (3, 120, 'Dark grey'),
    (3, 121, 'Black'),
    (4, 122, 'Enterprise'),
    (4, 123, 'Businessmen'),
    (4, 124, 'Gaming'),
    (4, 125, 'Family'),
    (4, 126, 'Student'),
    (4, 127, 'Office'),
    (4, 128, 'Graphics - Engineering'),
    (5, 129, 'Apple'),
    (5, 130, 'Apple M'),
    (5, 131, 'Celeron'),
    (5, 132, 'Core M'),
    (5, 133, 'Core i3'),
    (5, 134, 'Core i5'),
    (5, 135, 'Core i7'),
    (5, 136, 'Core i9'),
    (5, 137, 'Qualcomm Snapdragon'),
    (5, 138, 'Ryzen 3'),
    (5, 139, 'Ryzen 5'),
    (5, 140, 'Ryzen 7'),
    (5, 141, 'Ryzen 9'),
    (6, 142, 'AMD'),
    (6, 143, 'Intel EVO'),
    (6, 144, 'Non-EVO'),
    (7, 145, 'AMD Radeon R5 520'),
    (7, 146, 'AMD Radeon RX 5500M'),
    (7, 147, 'GTX 1650'),
    (7, 148, 'GTX 1650Ti'),
    (7, 149, 'GeForce MX130'),
    (7, 150, 'GeForce MX250'),
    (7, 151, 'GeForce MX330'),
    (7, 152, 'GeForce MX350'),
    (7, 153, 'GeForce MX450'),
    (7, 154, 'GeForce MX550'),
    (7, 155, 'GeForce MX570'),
    (7, 156, 'NVIDIA GeForce GTX 1650'),
    (7, 157, 'NVIDIA GeForce GTX 1650Ti'),
    (7, 158, 'NVIDIA GeForce MX130'),
    (7, 159, 'NVIDIA GeForce MX150'),
    (7, 160, 'NVIDIA GeForce MX330'),
    (7, 161, 'NVIDIA GeForce MX450'),
    (7, 162, 'NVIDIA GeForce MX570'),
    (7, 163, 'NVIDIA GeForce RTX 3050'),
    (7, 164, 'NVIDIA GeForce RTX 3050Ti'),
    (7, 165, 'NVIDIA GeForce RTX 3060'),
    (7, 166, 'Onboard'),
    (7, 167, 'Quadro T500'),
    (7, 168, 'RTX 1650'),
    (7, 169, 'RTX 2050'),
    (7, 170, 'RTX 3050'),
    (7, 171, 'RTX 3050Ti'),
    (7, 172, 'RTX 3060'),
    (7, 173, 'RTX 3070'),
    (7, 174, 'RTX 3070 Ti'),
    (7, 175, 'RTX 3070Ti'),
    (7, 176, 'RTX 3080'),
    (7, 177, 'RTX 3080 Ti'),
    (7, 178, 'RTX 3080Ti'),
    (7, 179, 'RTX 4050'),
    (7, 180, 'RTX 4060'),
    (7, 181, 'RTX 4070'),
    (7, 182, 'RTX 4080'),
    (7, 183, 'RTX 4090'),
    (7, 184, 'RTX A3000'),
    (7, 185, 'RTX A500'),
    (7, 186, 'RX 6600M'),
    (7, 187, 'RX 6700M'),
    (7, 188, 'RX 6700S'),
    (7, 189, 'RX 6800S'),
    (7, 190, 'Radeon 530'),
    (7, 191, 'Radeon Pro 5300M'),
    (7, 192, 'Radeon RX 5500M'),
    (7, 193, 'Radeon RX 6600M'),
    (7, 194, 'Radeon RX 7600S'),
    (8, 195, '16GB'),
    (8, 196, '24GB'),
    (8, 197, '32GB'),
    (8, 198, '4GB'),
    (8, 199, '64GB'),
    (8, 200, '8GB'),
    (8, 201, '96GB'),
    (9, 202, '11.6'),
    (9, 203, '12.3'),
    (9, 204, '13'),
    (9, 205, '13.3'),
    (9, 206, '13.4'),
    (9, 207, '13.5'),
    (9, 208, '13.6'),
    (9, 209, '14'),
    (9, 210, '14.2'),
    (9, 211, '14.5'),
    (9, 212, '15.3'),
    (9, 213, '15.6'),
    (9, 214, '16'),
    (9, 215, '16.1'),
    (9, 216, '16.2'),
    (9, 217, '17'),
    (9, 218, '17.3'),
    (9, 219, '18'),
    (10, 220, '3K'),
    (10, 221, 'Full HD'),
    (10, 222, 'Full HD+'),
    (10, 223, 'HD'),
    (10, 224, 'Quad HD (2K)'),
    (10, 225, 'Quad HD+ (2K)'),
    (10, 226, 'Retina'),
    (10, 227, 'UHD+'),
    (10, 228, 'Ultra HD (4K)'),
    (10, 229, 'WQHD'),
    (10, 230, 'WQHD+'),
    (10, 231, 'WQUXGA'),
    (10, 232, 'WQXGA'),
    (10, 233, 'WQXGA+'),
    (10, 234, 'WUXGA'),
    (10, 235, 'WUXGA+'),
    (11, 236, 'touch'),
    (11, 237, 'no touch');

INSERT INTO product_schema.category_general_attribute(category_id, general_attribute_id) VALUES
    ('6ed8cb0e-7240-11ee-b962-0242ac120002', 1),
    ('6ed8cb0e-7240-11ee-b962-0242ac120002', 2),
    ('6ed8cb0e-7240-11ee-b962-0242ac120002', 3),
    ('6ed8cb0e-7240-11ee-b962-0242ac120002', 4),
    ('6ed8cb0e-7240-11ee-b962-0242ac120002', 5),
    ('6ed8cb0e-7240-11ee-b962-0242ac120002', 6),
    ('6ed8cb0e-7240-11ee-b962-0242ac120002', 7),
    ('6ed8cb0e-7240-11ee-b962-0242ac120002', 8),
    ('6ed8cb0e-7240-11ee-b962-0242ac120002', 9),
    ('6ed8cb0e-7240-11ee-b962-0242ac120002', 10),
    ('6ed8cb0e-7240-11ee-b962-0242ac120002', 11);

INSERT INTO product_schema.card_general_attribute_value(general_attribute_value_id, card_id, category_id) VALUES
    (1, '65275a20-724b-11ee-b962-0242ac120002', '6ed8cb0e-7240-11ee-b962-0242ac120002'),
    (1, '65275a20-724b-11ee-b962-0242ac120002', '6ed8cb0e-7240-11ee-b962-0242ac120002'),
    (1, '65275a20-724b-11ee-b962-0242ac120002', '6ed8cb0e-7240-11ee-b962-0242ac120002'),
    (1, '65275a20-724b-11ee-b962-0242ac120002', '6ed8cb0e-7240-11ee-b962-0242ac120002'),
    (1, '65275a20-724b-11ee-b962-0242ac120002', '6ed8cb0e-7240-11ee-b962-0242ac120002'),
    (1, '65275a20-724b-11ee-b962-0242ac120002', '6ed8cb0e-7240-11ee-b962-0242ac120002'),
    (1, '65275a20-724b-11ee-b962-0242ac120002', '6ed8cb0e-7240-11ee-b962-0242ac120002'),
    (1, '65275a20-724b-11ee-b962-0242ac120002', '6ed8cb0e-7240-11ee-b962-0242ac120002'),
    (1, '65275a20-724b-11ee-b962-0242ac120002', '6ed8cb0e-7240-11ee-b962-0242ac120002'),
    (1, '65275a20-724b-11ee-b962-0242ac120002', '6ed8cb0e-7240-11ee-b962-0242ac120002'),
    (1, '65275a20-724b-11ee-b962-0242ac120002', '6ed8cb0e-7240-11ee-b962-0242ac120002'),
    (1, '65275a20-724b-11ee-b962-0242ac120002', '6ed8cb0e-7240-11ee-b962-0242ac120002');

